artist,twitter,instagram,facebook,spotify,soundcloud,youtubeFlash Bang Grenada,0,0,0,346,0,0Aggro Santos,63771,27415,596562,4675,585,7975AKA,38958,0,0,22298,0,3643764Shlohmo,91790,59340,209063,141268,283539,0Glasses Malone,68417,48745,93741,16402,0,0Shabazz Palaces,8300,0,43263,62059,5127,0Mac Miller,8855106,3496926,5150905,2195232,403301,1361942Phonte,131790,0,50634,29514,1,0J. Cole,10754376,3023760,5436487,4992271,1959171,2309374Cities Aviv,6742,3172,11797,7127,7120,0Pac Div,22145,5673,54102,30476,17211,0B.G. Knocc Out,20347,0,33366,4474,551,0AraabMuzik,102133,180603,171484,45660,134450,22292Emika,5593,0,46274,23494,20722,10229Big Sean,14882725,10154422,6996975,3928708,9501002,2859462Jay Rock,579041,316614,440429,251787,6311,0DELS,4658,0,581,3922,0,2202Torae,46742,43118,29421,8556,3621,6474Saigon,59061,0,34752,20007,0,0Clams Casino,78572,30016,124734,91189,149011,28002Cali Swag District,75540,986,0,58036,0,8818Ab-Soul,1023418,516523,512839,381059,1460700,0Mann,351791,0,27229,17864,0,0David Carreira,253346,469998,1016706,49699,0,212844Mindless Behavior,568,57630,86,145679,0,643505The Internet,285338,0,207242,393164,177025,643473Yelawolf,558423,744953,2155380,706509,25072,981924Smoke DZA,157222,147326,207900,78987,55449,8104Mr. Envi',0,0,0,387,0,0Kendrick Lamar,10641307,9521393,8853463,8713483,410014,5924221ScHoolboy Q,2439450,1981289,2423217,1720232,272671,1077545X-Pistols,0,0,0,0,0,0Rizzle Kicks,1376688,221526,1059478,248740,278118,180922Cher Lloyd,7650000,2147329,7098067,1354395,57314,2837257Fly Union,11409,0,0,7266,5943,10072Theophilus London,123953,186265,140104,78812,10299,19519Snow Tha Product,146765,709499,2576001,132438,74697,485609Max B,72931,0,0,57176,0,760Verbal,0,0,0,425,0,0SNO (Lil Wyte JellyRoll BPZ),0,0,0,0,0,0Koncept,16241,24617,4802,1106,2074,1899THEESatisfaction,7244,4845,4119,12432,5093,0Cover Drive,114815,19025,154150,61563,0,322402 Chainz,4213051,4566472,6145306,2647895,187250,2640612DeStorm Power hosted by DJ Whoo Kid,313279,4369687,3824798,19513,29053,555342Gary Clark Jr.,113379,231253,424011,394820,886877,140031Main Attrakionz,330,0,9854,5462,2959,0Chiddy Bang,69827,0,627240,311450,15272,34257The Gaslamp Killer,60918,57347,114801,51921,35613,0Kalenna Harper,57916,429841,46869,4503,3965,0Meek Mill,6903420,12863795,6501171,1737368,329321,2250496Toya Delazy,133529,0,459722,1012,0,0Labrinth,1036043,222993,987025,570448,94603,770629The Hood Internet,16525,0,38121,10128,103158,17604Tulisa,3523457,487509,726932,79985,0,0Chief Keef,1246905,4559375,0,1041191,287881,169815Travis Porter,488836,65293,2289344,399375,6914,230794Delilah,0,611643,1622303,40083,0,55998Rye Rye,39555,0,96532,20276,0,1765Loreen,18608,24415,594030,157607,0,50578Macklemore & Ryan Lewis,2763553,4239705,6339971,2088782,2674976,6108595Hiphop Tamizha,655941,1491212,2794530,13756,0,641349Rapsody,37,151194,88576,57098,8503,35992Machine Gun Kelly,1127276,3247918,4956129,1035892,155617,3690308Big K.R.I.T.,771284,524329,957568,281620,8126644,97662Envy,787550,0,231512,1667,0,0Riz MC,175946,309053,65190,5829,11347,3758Lil Ugly Mane,0,0,36015,16329,36139,10288Froggy Fresh,53211,19839,242772,21010,2390,604019Death Grips,0,0,0,0,117223,198279Davido,3660345,6361937,3838277,85232,15126,450061Kool A.D.,33299,13278,6572,12195,918,5602Future,5147749,12230982,7344582,6186866,9710262,4776208JK Flesh,0,0,29334,2851,2771,0Jeremiah Jae,10298,0,16202,8884,21081,3305Beautiful Eulogy,22054,21944,33663,35500,621,60444Kreayshawn,627248,306166,549862,101195,19882,263709Dan Le Sac,33124,0,19887,7021,5092,2517The Original Rudeboys,43429,0,70953,7486,493,23004Diggy Simmons,1727959,1465267,2864166,3822,18688,168895Kid Ink,1139364,2961015,6656006,1636896,327367,501936Swoope,46277,0,54577,25498,2795,214264Terrace Martin,48715,85757,10489,26253,13585,0King Krule,13527,23814,244667,292780,64564,110900Def Dee,0,0,0,248,0,0Durag Dynasty,0,0,0,857,0,0Crooked I,0,0,0,0,0,0Alex Faith,25382,21310,15179,11840,0,231Bo Bruce,57564,4586,47852,6093,2698,4106Feed Me,237272,115013,600431,248263,309367,157452Capital Kings,44868,123587,169463,120307,14148,200750Angel Haze,148465,108224,277433,106136,18,87859Earl Sweatshirt,2177532,639039,862708,636012,154516,169798Friendzone,0,0,0,592,0,0Freddie Gibbs,184528,226663,167678,188608,332009,97447French Montana,2966057,8044922,4292128,1499640,64646,2472165HBK Gang,19596,83,17582,6069,97986,184733Dre Murray,23679,20319,13878,7577,2455,0No Malice,45663,51127,52712,3726,4250,3799The Uncluded,3114,0,18233,12947,0,0Naughty Boy,236414,22899,438703,194882,5710790,12523Letherette,3254,1747,15093,19938,20428,0Rittz,123938,271418,566514,207945,33324,173348Lizzo,45821,161480,53721,74087,7022,53568Stooshe,177377,0,202174,77814,3357,41617ASAP Rocky,2262355,7389331,6008110,3567813,3152194,2179201MellowHigh,677,0,7281,32938,0,0Boldy James,11387,14076,4796,4003,3453,0Jarren Benton,94312,162220,251115,81714,16458,53268Pusha T,1443846,1233010,1472061,698910,8217770,82236Papoose,163115,1073408,151795,87246,2639,0Troy Ave,79228,553694,0,90310,55842,116079Denzel Curry,213190,499222,190606,432839,337978,285520Jenni Pulos,0,0,0,0,0,0Casseurs Flowters,0,0,375502,164857,0,492341Mike Stud,253295,215792,95844,210797,141016,264874Wallpaper.,1093,348,0,28594,7444,0Shehyee,66314,46534,815435,22461,0,11067Starbomb,302259,0,67250,123351,0,2741525Yancey Boys,0,0,3309,2827,0,0ASAP Ferg,832039,2347804,2165006,1221045,1140838,887825Mr Probz,133267,119828,404960,239443,54268,673021Jon Connor,57045,30634,44949,15401,11061,16608How to Destroy Angels,50762,21765,170756,52527,51537,0W.L.A.K.,0,0,21,7025,0,0DJ Mustard,377345,698,446186,272239,160875,200390Eduardo,0,0,0,0,0,0Joke,10977,0,0,69162,0,0Sir Michael Rocks,81207,53179,40814,26435,42959,27811The Underachievers,130706,129395,172240,198305,129349,271112Chris Webby,144443,116449,296140,146857,6349,187392Clipping,27327,0,35297,54624,18533,8666Chuck Inglish,90014,44380,21164,22366,21163,12166Cozz,52827,76729,30313,47895,20495,46539Young Fathers,82594,20893,75601,81649,22728,27650Charisma.com,21534,9459,14137,8960,0,27511Broods,56757,86282,234659,325048,67881,189195Kate Tempest,54956,15775,104843,62282,11519,11291Damon Albarn,248142,291104,400322,162586,93646,69315TV Girl,5972,0,21182,38789,11367,0Banks,485957,475502,470098,660810,1019283,356483Got a Girl,3413,2454,4772,4300,0,1214Bas,106812,0,83725,93671,92729,111702Cash Out,39157,0,0,7436,48134,0K.Flay,58365,83095,121292,170027,1715637,180612Gesu no Kiwami Otome,0,0,0,70927,0,0MKTO,217584,94346,503619,514205,32126,27246Kevin Abstract,325598,4155,13876,130986,39993,0YG,3043658,3747352,3800528,1089625,134193,2186588Iggy Azalea,8098586,11335718,7520680,2935837,1170659,5297246Tiny Doo,0,0,0,384,0,0Stalley,217551,296379,204323,71625,26302,0PE 2.0,0,0,0,0,0,0Ghetts,704,147890,123269,52213,3675,25062Sage the Gemini,272622,620888,1060664,486979,36279,1052731Shtar Academy,0,0,10129,1207,0,0Iamsu!,145865,282471,506583,147282,73607,0Sisyphus,1597,111,7016,10300,5376,717Ratking,21017,0,32022,22087,0,5598Manny Phesto,0,0,0,610,0,0August Alsina,1061949,6069399,2922813,1186724,1036872,1741929Cassper Nyovest,1743528,1906726,2454029,21373,18765,37230Logic,2410726,4634332,41307,2281763,396565,1163718DJ DX,227694,31577,31597,2215,229,5828Yung Lean,196749,656885,351274,273034,321163,557798Anderson .Paak,323980,535843,277805,601921,200361,161381Teyana Taylor,1198615,6367067,1879766,240644,7109,107892BTS,14391241,9790746,6373148,4171884,899045,7756558Awkwafina,40567,107924,48918,20696,11974,53899Fifi Cooper,0,0,0,474,0,0Raury,298303,0,0,123524,100176,75525Boots,111904,0,0,11551,109140,362056Joey Badass,904739,1499433,799211,936734,110747,1012Kriswontwo,9953,22789,0,173,9301,856Dreamteam,0,0,0,34,0,0Heems,40240,16724,8406,12324,4374,309Omen,47176,0,37898,2786,9458,1438Riky Rick,803763,1066943,1086143,9582,0,9257Markis Precise,0,0,0,216,0,0Fetty Wap,793610,5609132,1143188,2994351,554609,2752534Nekfeu,1404723,1243761,1004636,535479,49425,1117145Ty Dolla Sign,1424211,3704558,2930958,1684644,357209,2029576King Los,266309,211726,144600,41987,30417,92623Kirk Knight,92593,144621,32145,48554,25203,0Wiki,16673,0,0,9276,0,0Casey Veggies,329962,186664,144073,160446,85094,27896Injury Reserve,17298,17816,11022,47275,13084,19652Gunplay,177094,262964,175627,49328,3128,29544Mod Sun,677855,400993,0,74674,65168,107787Red Pill,5244,0,26967,8,0,189948Fleur East,248782,434452,297996,131955,0,5039NF,261575,701278,385437,888913,107089,1698825Empress Of,19620,21018,25610,34372,14995,7608Kat Dahlia,132818,80540,160749,205739,39163,449632Ivy Levan,24949,74333,67186,18613,2826,58805K Camp,42,803349,913239,712838,244006,203330Raz Fresco,8474,6891,5764,1435,4803,8941Lil Dicky,465124,1436233,769126,801312,288165,2870231Lil Durk,2791489,8873,1419019,635622,54802,11795Travis Scott,3445733,8939947,0,2592809,1247249,1990148Bodega Bamz,38449,54810,18946,25970,29847,20314K.O,1130799,166951,176916,4225,0,203901Drique London,0,0,0,12,0,0Rae Sremmurd,679723,0,3025528,3084033,497189,6212890Vince Staples,897189,553297,167568,562618,82622,244333Donnie Trumpet & The Social Experiment,0,0,0,81670,38,0Bryson Tiller,2326842,5026544,1377077,2397676,903358,1620705Chinx,135800,301320,189175,100748,0,87068Rock City,0,0,0,492,0,0Robb Banks,96959,117119,0,1106,142439,33871Migos,2187675,7015467,2490511,5148896,972338,5443605Flatbush Zombies,298093,403004,547515,447460,559821,587427Baauer,339312,107550,2025,117017,987414,25225Brockhampton,257665,445507,80464,351839,39802,302009SCH,1733,733,1035412,341255,0,1349053Banks & Steelz,5086,5500,14851,19583,1385,9719Anatii,705358,175194,201930,7131,5050,12676CupcakKe,332586,410494,26073,147595,21175,366433Nasty C,756057,1242079,538359,5722,25881,21109Bankroll Mafia,452,0,0,95323,0,0DRAM,123443,266891,147649,585251,167877,899854Jared Evan,38037,30230,30064,7204,8736,12596Chad,0,0,0,0,0,0Moor Mother,4410,0,8436,3711,3378,0Westside Gunn,19670,55515,11080,13636,14455,0Grace,311548,2659619,1039213,715514,19453,26535546lack,456200,839246,303208,805720,266100,463168Rebstar,0,0,0,539,0,0Mick Jenkins,227181,191872,0,192267,0,94957Jon Bellion,1495381,576097,210693,635733,193740,259232Tory Lanez,1378606,2516709,733872,1259192,583770,1470537Kevin Gates,4633,5776786,7623899,1560315,470028,3507298Young Dolph,511706,2729146,350827,590515,76476,332353Dame D.O.L.L.A.,0,0,0,49703,63843,0Dareysteel,110,0,0,41,399,0MHD,122416,0,0,528700,0,2243504Mykki Blanco,39908,64049,84094,32999,30163,16714Seth & Nirva,2034,8417,10280,3114,0,591Young Check'a,0,0,0,0,0,0Elliott Power,704,3165,167,1266,1067,439A-Reece,497644,200853,92401,5288,0,0Redfoo,1002856,603729,3796874,276676,89617,2260887CDQ,0,909796,1686,2127,0,0Post Malone,3521458,8856801,2078062,3644754,1038942,5962325Isaiah Rashad,439938,410917,136942,354513,200138,0Kembe X,15233,0,7007,10751,20916,5727Tkay Maidza,13647,48573,48591,29797,21654,7147Roy Woods,383959,1054706,59354,398268,263500,9797Lil' Kleine,71841,1176462,151434,386454,984,0ASAP Twelvyy,204440,303404,21112,74662,35650,0XXXTentacion,989949,7475838,969457,3114324,2067836,4386206Princess Nokia,0,545376,100688,129184,61,147777Vic Mensa,560796,738575,298691,353913,270,215477A Boogie wit da Hoodie,286596,2401952,278652,1484050,663292,1498544A Boogie wit da Hoodie,286596,2401952,278652,1484050,663292,1498544Smino,71452,0,28917,110238,86094,38161Jidenna,127977,826187,348473,221961,23660,537931J Hus,242868,532143,87031,215833,55252,238561Lute,17891,25345,0,9561,0,0Smokepurpp,245377,2253422,153620,644747,468521,228606Rob $tone,46418,162620,22016,111327,86495,0Syd,132422,400706,51675,150355,68143,0Stormzy,1234015,1841358,731338,556115,114901,716431Amine,200267,599,97449,529943,147977,845300G Herbo,714324,2449278,242235,422850,182248,37168721 Savage,2246173,7445482,1134519,3864308,789270,3332058IDK,0,0,0,107,0,0Kacy Hill,18808,73646,14806,39683,11429,16595Lil Pump,916507,11360987,1575255,2712716,1018026,7114304Mura Masa,60780,123052,156502,333950,329618,326277J.I.D,70927,153755,37659,76073,51975,0Cyhi the Prynce,149457,161083,50686,53054,22633,0Nines,75876,0,22347,52437,0,56854Kodak Black,1959318,5344157,0,2878570,999621,3335356Playboi Carti,613368,2224626,0,1205067,444331,366873Quality Control,0,0,19085,101549,0,619603Mike Will Made It,748062,1723915,600312,505126,186586,1832646Residente,5999107,2020674,1264795,8948,0,2346845Jaden Smith,7763174,8632921,10582322,373024,0,829990Danger,4687,9815,3339,21077,13555,0Lil Yachty,4131372,5430780,570475,2856360,700362,998308Shane Eagle,0,0,0,18,0,0Rich Brian,1294988,1928963,655045,613941,291559,926492Famous Dex,830821,3020084,412647,601988,197022,23193Saweetie,0,0,0,0,0,0Saweetie,80848,607384,11770,47901,39240,366463Cardi B,2987228,23162441,5262160,2181259,187516,3089104Kali Uchis,438044,887732,149766,322180,159106,285525L.A.R.S.,0,0,0,5,0,0Lil Skies,229743,1603908,0,543587,343551,0Rich Homie Quan,1100315,3173860,1388883,1531796,103134,1211327YoungBoy Never Broke Again,903822,0,0,816227,369474,2054789Nipsey Hussle,736414,1844235,987541,308185,107092,0Travis Barker,1631621,1994046,2279903,112608,80884,156882Marlon Roudette,16473,11650,99876,77283,2555,75641The Rubberbandits,172711,0,433259,12709,0,72819Glory,6870,0,74556,42692,0,1287Jovi,19471,0,45821,1591,0,147103Elokuu,0,0,24122,53506,93,1831Cro,0,0,0,0,0,0Daveed Diggs,337054,458288,36323,11790,2146,0Spekti,4673,0,28664,17721,0,0Tuomas Kauhanen,5608,13909,10045,11872,0,21962Colette Carr,171439,57027,127664,10807,1910,19248Something Awful,0,0,0,121,0,0Sensato del Patio,241209,570580,874124,2261,12924,145560Azealia Banks,0,513079,721612,367039,1853071,191620JUL,0,0,0,0,0,0Dillon Francis,1059067,1940735,1544128,627156,6179866,1599651Phyno,858094,2994769,481885,13182,0,128070Neon Jungle,58817,43737,326414,67623,6514,264609Justimus,85439,252149,81187,11366,0,120643Emtee,585204,885793,881060,6000,0,0DJ Hoppa,43832,89151,143528,5364,1677,0Paperi T,1216,28832,21419,10266,89,0From Ashes to New,102644,56633,178956,77201,3551,46287DJ Snake,1373052,3742923,4814567,2616368,835859,6822662Xu Weizhou,0,0,0,0,0,0Hacktivist,10973,10367,103911,24476,3639,26106Lil Peep,381239,2807243,670403,929128,735966,1577020Powerflo,1498,15916,27425,6611,20,4783Prophets of Rage,57407,159394,377705,169489,1930,44018Mike Shinoda,1075095,1254972,1285111,188885,69628,293560Maxo Kream,175720,206026,17396,95846,135727,0Lil Xan,362386,3045115,444826,828856,320635,0Rich the Kid,980135,3046776,283538,742312,348437,617947Alexis Jordan,163515,47880,526717,64282,0,111644Joe Jonas,10224840,6865289,5031924,397791,0,206152Romeo Santos,4713477,12486935,34644947,4454566,0,9201065Alyssa Reid,38732,12269,57296,38807,0,10939Rebecca Ferguson,754885,52112,504013,169061,5539,96073Nicole Scherzinger,5791690,3518239,7879018,725010,0,685629Marsha Ambrosius,425747,337587,1218524,183248,13966,77279Mohombi,87733,116468,1115174,232518,0,317705Katy B,268615,128604,705128,129384,122327,118499Jamie Grace,210407,282140,743556,143659,0,267017Selah Sue,87338,61826,788892,320199,33056,210494Six60,23691,83020,301825,114633,16463,58390Patrick Stump,1036381,590690,271302,84126,0,83193Wizkid,4090042,5034844,1875414,3229,16785,327149V. Rose,32901,32568,55609,16766,642,7128Jessie J,16585,1908,18640028,3833635,0,7319007Jack Vidgen,46789,14598,211310,4070,0,0Allen Stone,51419,87110,151898,132318,19096,101674Ania Teliczan,0,0,0,0,0,0Frank Ocean,18153,0,1692993,3197507,670915,347154Conor Maynard,2010714,1803453,6440217,1141436,13032,7591987XL,0,0,0,257,0,0Little Mix,11828843,9190504,10132249,3762120,5961658,8483779Bridgit Mendler,4821070,1461057,7450793,775057,4680,1772965Chad Price,0,0,0,326,0,0Ivy Quainoo,10601,3224,43813,13872,304,0Jin Akanishi,677806,466316,2156,21606,0,77737Maverick Sabre,176296,31928,122689,115167,17565,15303Leon Thomas III,8640,0,0,9247,0,1648Michael Lynche,0,0,0,526,0,0Karise Eden,27481,12653,105545,17998,1806,13007Luca Hanni,37993,157255,392598,12785,0,33998Rita Ora,7003754,13361402,5839368,1971691,294944,1512448Emeli Sande,1201606,402974,1738143,1283810,1990115,767165Cody Simpson,8008945,3172140,6882501,876122,15868,951336Elle Varner,166057,586411,1021181,173375,19495,115089The Weeknd,9034084,31551,7382239,10193351,5939038,12810358AlunaGeorge,106777,144381,305916,303548,5391279,212448The Child of Lov,2033,0,7242,3741,1873,1563Dami Im,53051,166873,219505,27364,0,7752Jontte Valosaari,4738,13365,25818,4839,0,2541James Arthur,2341398,627946,2098320,1819118,0,7430John Wizards (musical group),1290,0,2258,367885,235,131475E-girls,0,538974,0,134797,0,0Hyolyn,0,0,0,15,0,0James Skelly & The Intenders,11839,0,3421,710,0,0Jessica Sanchez,1621436,298385,2047996,23317,0,465434PJ Morton,142375,144685,95899,25352,7947,0Mack Wilds,182625,544989,129715,30164,10389,29971Inc. No World,4278,2604,16604,1773,1913,4289Tiwa Savage,2225354,4559931,2061290,42550,0,91806K. Michelle,1719573,5229279,4847208,612563,62466,741316Laura Mvula,50360,52631,115939,89954,5208540,2542Alex Hepburn,52380,26688,100492,18870,0,106744Rhye,16666,9,188132,240711,229391,150892Ariana Grande,56961780,118795537,33083192,13820650,221265,23035090Zendaya,13650282,50426614,11246854,1726453,0,848451Zara Larsson,1364355,4693898,1334324,2371025,45131,4309818Tinashe,938061,2271075,2241895,927093,149765,1314617Chet Faker,95354,211,923959,1005978,0,387218Ashley Roberts,517831,248046,101924,1693,0,5425Tessanne Chin,319221,198147,941572,13947,0,0Traci Braxton,567899,543647,245156,5041,0,0The Wah Wah Collective,0,0,0,62,0,0Darren Espanto,319886,5164,1184897,135477,0,139302Daley,56583,11,99827,54256,16746,142704Tensnake,41268,16039,199077,45577,164785,5710Erica Campbell,164203,1562117,1232784,53450,0,86595Ludmilla,0,0,0,93,0,0Hozier,680205,876781,1496821,2188386,106770,1823423Sam Smith,7580838,9150218,6042532,5390393,1285934,7759789Issues,264682,0,554701,221933,0,0Yemi Alade,280398,3569733,1746150,50332,1860,524499FKA Twigs,350206,1228495,390681,397281,227,330224Sam Hunt,573558,2195785,1084884,1135411,26679,1082615Candice Glover,127852,88818,346166,8451,720,0Nadine Lustre,17424,4840899,2089308,85913,0,0Isleym,47815,34884,240371,19846,0,0PartyNextDoor,1488948,2302339,228795,1264317,1260549,625029Sam Bailey,375708,25348,376876,32316,0,11160Christon Gray,35608,49925,0,30364,5001,4306SoMo,276534,254519,320699,459350,287396,1562737Jhene Aiko,1596719,5834834,1695773,1564334,472550,1084181Kiesza,103629,207276,571996,224920,66338,506520Sohn,27584,27419,144473,191528,1945225,41581Young & Sick,1233,14685,12931,8769,12699,0Glass Animals,87889,182230,350173,713497,163545,333249Willow,3676231,0,6905056,239731,6311,0Andra Day,844494,211858,234951,188431,18772,412723Leon Bridges,86984,257210,228056,493567,44523,176828Kirby Maurier,0,0,0,224,0,0Ella Eyre,439233,464284,343784,356069,5628898,316336Tina Campbell,42458,519585,69570,5005,0,17950Alessia Cara,1291628,2108772,866166,2920274,22682,2198288Tyler Carter,213423,262887,255721,30188,15376,113837Rixton,85,153334,510750,430632,3361,0Sada K.,0,0,0,515,0,0Kwabs,40827,30190,120574,108037,2,330579Shamir,52494,33129,44374,50017,4947,0Fifth Harmony,5353217,10586841,7737976,5014892,739401,11193064Jarryd James,9883,14369,41032,87637,15530,53580Joe Moore,4409,0,0,1062,0,0Meghan Trainor,2260721,9227887,2823116,5135848,45,8956752Rhiannon Giddens,15210,12130,66821,38912,0,12799Tori Kelly,1335921,2966186,1562865,1280378,56182,2413388Tyler Shaw,15385,19269,55360,11919,676,0Nathaniel Willemse,66065,65530,98159,4675,0,12506Lion Babe,24505,98633,61095,91689,45225,64195Nao,69603,111204,85105,164505,96684,23486Lance Skiiiwalker,22751,24849,0,14393,1314,0Lapsley,27328,22808,66254,154703,44975,63902Majid Jordan,307611,318121,129760,273950,229493,161314Zayn,27377768,28336958,19971592,4117663,60681,6552234Shila Amzah,1259595,2375992,442795,12710,4550,370830JONES,4958,5585,9493,25000,12832,384Gallant,90207,103146,107890,169428,107159,113184Jack Garratt,77357,80075,140078,281524,52187,139282Kilo Kish,40682,418,66593,49610,56514,9371dvsn,104734,280717,49968,323491,143062,118969Cana's Voice,0,0,0,672,0,0Nathan Sykes,1697905,499536,366710,311112,5823,394748Honne,69730,66264,105013,233563,88283,151870Raleigh Ritchie,59312,241842,71147,101376,32201,97210Cashmere Cat,130469,181121,209741,235681,400649,278320Khalid,1977713,2777754,433364,1971605,253799,2272338Amber Coffman,16019,11558,6225,8623,198,1613SZA,2069050,4204856,433841,1426099,172008,889334Sevyn Streeter,185906,1360539,1318190,457102,51222,661391Gabriel Garzon-Montano,4041,12804,15472,38000,23806,2221Jona Viray,219261,0,353854,57634,0,3206Sampha,82234,168899,181551,280998,81014,69995Ruth B,1335920,279104,62190,414500,10054,721627Kehlani,473437,5469602,625578,1318013,557731,0Kelela,183441,163231,97563,141194,68764,32538Chloe x Halle,132300,6116,767194,62368,9671,918545Jorja Smith,138441,901229,92416,291928,61533,206498Poo Bear,109716,610914,21284,15498,32256,107884Anne-Marie,358240,10138,393159,686636,32542,1580229Andy Grammer,169278,297951,277515,457309,0,455610Vintage Trouble,27555,28106,139881,76972,3415,37664The Horrible Crowes,5556,0,33046,20793,48,95Jamala,50,505894,116275,9440,8071,48499Graham Alexander,0,0,0,246,0,0Alex Clare,49080,12552,333402,610039,84047,235935Clare Maguire,38178,32092,42136,17527,8043,13537Zahara,63770,311280,770142,92112,0,8735Charles Bradley,21925,46238,178221,206352,0,0Tedeschi Trucks Band,91003,121451,513172,124850,4524,24277SBTRKT,173113,48843,513487,487889,564963,0The Stepkids,5880,0,14620,8078,3292,0SuperHeavy,11355,0,111610,24725,0,6197Willis Earl Beal,1685,0,0,17393,3674,9322Natalie Duncan,2081,0,6168,2498,1502,1391Jessie Ware,27,247134,359961,391405,821576,390903Michael Kiwanuka,47111,44589,206974,406632,1371280,0Cold Specks,4792,2461,19319,17419,3601,3829Eve Ai,0,0,0,0,0,0Ru Guo Ni Ai Wo ,0,0,0,0,0,0Marcus Collins,660686,53789,153141,13062,0,0Aiden Grimshaw,18821,0,96233,8520,3586,4536Chantal Claret,35207,30800,13905,2681,316,7287Jay James Picton,0,0,0,459,0,0Ren Harvieu,6503,0,9115,4553,694,0Leslie Clio,3507,10606,33880,38178,1471,0Rudimental,590377,178811,899541,681127,918263,1015697Wild Belle,17973,36859,103086,104731,21553,41189The Lone Bellow,24007,49804,62154,49383,1801,9107Tom Odell,252520,294403,715407,902653,770850,693392Jahmene Douglas,5540,0,7409,6270,12,872Valerie June,15924,30549,86029,67808,3551924,7725John Newman,309947,261361,1826409,474326,5702387,1571843Avicii,2107817,8457627,19467119,8133983,1833426,0Jeremy Loops,72394,137922,155899,79680,29228,62200Ella Henderson,1159929,290275,568935,518756,30734,463185Taylor McFerrin,11662,18738,25493,31712,27260,417Elise Testone,68008,10802,71064,1699,138,3192Jungle,0,30072,167137,217413,87493,52760Unspoken,22514,47853,133451,65475,0,101168Algiers,4450,4860,24544,24282,0,1596Jordan Feliz,10145,68062,58545,87550,0,122035Andee,26920,15686,37091,599,75,0James Bay,440434,953773,958552,1716404,101076,1270179Ibeyi,31979,134906,181715,179513,12161,121456Seinabo Sey,13466,46970,77452,96581,26154,101340Son Little,4518,8175,20381,43330,5626,0Ravenhill,0,0,0,392,0,0Chris Stapleton,267758,1011518,1008522,682308,16941,593083Amanda Black,0,0,0,323,0,0Matt Corby,0,139087,0,313330,63504,172899Moses Sumney,19583,80617,42112,75964,32731,15797Rag'n'Bone Man,0,0,0,4175,0,1657978Nothing But You,12232,0,89850,3050,1740,0Frances,20305,13447,32701,48238,7060,49621Ford & Lopatin,1464,0,0,3394,6934,0Katie Waissel,0,0,0,0,0,0Pascal & Pearce,23578,0,28689,1255,0,0Don Broco,86694,76284,111937,88179,3783,16815Twelve Foot Ninja,11800,17252,88476,42876,3796,571847 Days of Funk,0,0,2307,4289,5,22The 1975,1932884,1965062,2035204,2188358,956993,1280467Mystery Skulls,16140,15917,51595,72292,27411,95701Nathan East,34813,62696,161965,10448,0,6550Her Majesty & the Wolves,0,0,0,326,0,0CocknBullKid,0,0,0,758,0,330The Adults,0,0,0,448,0,498Amanda Fondell,1335,6874,19426,105376,60,0Cir.Cuz,0,0,0,85888,0,6903Mark Stoermer,39527,10509,12651,1729,356,1324Anthem Lights,76987,0,1665682,197172,0,834878Avion Roe,16312,12174,99423,11339,312,0Astro,315219,0,12457,39318,0,717366Howie Dorough,0,0,0,277,0,0Dirty Beaches,0,0,31035,34949,282,215Momoiro Clover Z,1881,0,0,35014,0,212828We Are the In Crowd,279562,48723,366173,121472,5296,35281The Joy Formidable,25490,11499,136850,78803,5713,22931Birdy,322,363432,2488629,2028497,2057865,1896030Anna Rossinelli,5880,3669,13373,2155,0,1378Rainbow Arabia,2089,0,7922,4001,2468,101BiS,1875,0,0,6415,4586,444Tennis,207384,0,54358,118132,0,0Chiaki Kuriyama,0,0,0,621,0,0Collectif Paris-Africa,0,0,0,2038,0,2Ringo Deathstarr,6112,7021,36793,20262,0,0Casey Darnell,9051,10497,11386,2194,204,1267David Lynch,3520122,0,1298946,67293,0,48533Cults,39149,8738,211821,155412,0,26084Brite Futures,2304,0,5250,2127,388,874Girls Names,2827,1832,28348,11104,198,1125Mia Martina,108064,0,0,13493,6833,22323Beady Eye,118023,17798,301527,97730,0,48863Emily's Army,58,0,63553,9841,1499,0Falling in Reverse,646901,680954,2176921,792146,0,63045Eli Lieb,37714,67600,162509,17866,0,341763Melanie Laurent,13935,74695,0,30416,0,0Auryn,531607,101898,92,105021,0,199188Gazelle Twin,3555,0,16599,9686,6044,4370Singing Adams,0,0,0,396,0,0Dulce Maria,7338913,4941185,9022015,252131,0,88521Viva Brother,7339,0,27059,2555,7,815Austra,0,0,51067,78774,0,0Christina Grimmie,895015,837163,3633678,231635,0,3963097Chris Crocker,269201,874394,4103281,13716,0,9373Girls' Generation,0,0,0,0,0,0Little Scream,2242,1849,7081,5105,175,0miwa,312739,0,2118,183626,0,0Greyson Chance,2955688,648306,3394444,230548,15907,725870Holy Ghost!,23989,26140,85594,64874,23299,293Frankie & The Heartstrings,12150,0,13261,4885,399,0Erin,25283,413,52023,37748,0,359538Speak,2556,0,7509,5323,8108,115580Basement,43918,0,151230,100004,4470,551827Givers,9721,0,41709,37243,552,0Pietro Lombardi,555,0,1371081,14039,0,31732the JaneDear girls,0,0,576,17285,0,29666Jonny,151734,0,102330,40302,0,0I Fight Dragons,12758,0,0,29693,1731,26034I Am Empire,14727,1347,18917,6562,28,156Matt Cardle,77,20290,824475,32608,0,73900Birgit Bidder,0,0,0,197,0,0Mirrors,0,0,0,2200,0,0Stephanie Cayo,791141,898996,1193124,3916,0,0Christina Perri,1175945,977274,5967587,1286361,0,3721062Go Radio,53174,0,158127,85086,0,24256Mademoiselle Yulia,51807,156424,13092,1375,65,1855Matthew Morrison,990442,601008,691881,28531,0,10086Lisa Matassa,0,0,0,123,0,0Can Bonomo,924683,300735,414209,90881,0,15489Stephen Jerzak,43516,8541,107404,11815,1603,67252Mary Byrne,55,0,70,744,0,2Jamie Woon,27522,10789,207388,149628,62092,48206Charlene Soraia,8399,1676,24452,47912,4080,23161JPM,0,0,0,4,0,0Seth MacFarlane,14764468,510001,1779684,33391,0,0The Cinema,5113,10776,183102,300036,0,8498Of Monsters and Men,390575,269764,2175844,2112050,1351821,993724Naela,17603,0,0,526,0,6778Grouplove,137964,142516,544249,605188,8491,165916New Look,3155,259,15457,7182,0,722Lauri Ylonen,1755,0,42057,1200,0,0Dev,129767,42120,921510,176693,0,295880Bamboo Manalac,0,0,0,580,0,0Ninja Sex Party,571090,489234,211041,157316,7600,1087584Peter Furler,31314,15070,83586,8558,0,0EMA,0,0,0,0,0,0Penguin Prison,7710,4766,37024,44554,32920,4887Natalia Kills,827,1107,395507,144254,0,142028f(x),0,5029844,3193706,367028,0,308910YuiKaori,0,0,0,87,0,0Class Actress,10520,0,37229,26905,4262,0Rebeldes,0,0,35858,66271,0,73566Dia Frampton,129453,35630,195212,33108,0,51620Reece Mastin,262530,96425,223087,24897,0,36088Ronan Parke,105810,53669,679071,7724,0,52412Runner Runner,11079,0,165837,8224,542,409Ivi Adamou,59235,121389,194452,66746,0,10150Icon for Hire,42660,41616,212975,141507,2779,276706Jessica 6,0,0,12631,3860,847,1307Title Fight,46199,36741,159650,93991,257,7668Mary-Jess Leaverland,0,0,0,75,0,0Somedaydream,13395,0,87637,4109,2000,0This Century,0,0,0,21722,2248,0Wolf Gang,19114,0,130144,55541,0,10322Paradise Oskar,3390,0,0,1510,0,0DyE,0,0,0,9,0,0MEN,0,0,0,0,0,0JJ Doom,6111,0,0,26041,0,255The Groggers,0,0,0,0,0,0Dillon,2849,9170,129857,76927,16638,69373Lucy Spraggan,614970,79551,406530,72578,10394,98141Foster the People,1059874,401946,4513044,2102216,136758,1569644Unknown Mortal Orchestra,109361,61419,199686,280990,26572,43082One Direction,31736289,17226870,38027559,9181799,2919762,23677110Esben and the Witch,2532,0,30709,13216,1203,340After School,5378,0,1631649,74874,0,0Kimbra,144283,145912,532440,275644,37675,240154The Sound of Arrows,4068,0,18797,13031,0,0Warr Acres,0,0,4850,4032,0,3708Swimming With Dolphins,2567,0,22332,7609,0,0Hyland,1613068,5628201,0,2065,0,0Tim Bendzko,156127,164442,590410,227067,6,198583Widowspeak,5007,6036,38685,38900,2165,0Washed Out,0,24683,316485,1,41187,7546Kimberly Caldwell,25791,13482,20761,2447,0,0Youth Lagoon,5,0,0,159887,5,0Zoe Badwi,16558,11876,19569,2363,0,0Demy,174649,290055,0,6015,0,44116Summer Heart,0,7436,32772,28920,28291,866Alice Caymmi,5248,50025,50976,30839,1620,4133Titanium,0,0,4226,3952,0,0Dog Is Dead,0,0,0,0,0,0California Wives,1344,0,8639,3559,772,779alt-J,529033,269153,1656733,1883758,1096151,774866Matthew E. White,6197,4732,14505,18476,2233,933ClariS,137825,0,48465,48771,0,49180Emma Hewitt,143884,111744,1066136,55266,0,71277Casey Abrams,129617,41506,153309,39620,3060,26751My Tiger My Timing,1082,0,2764,594,512,152Lawson,291282,72907,582915,124172,0,54144Zedd,8243746,5430658,6971691,2705470,4260463,4100422The Collective,2829,0,10519,6147,7242,0Christopher,33852,0,284957,138479,0,139260Forever Came Calling,12166,6648,33121,14580,344,0Hubert Wu,0,0,0,88,0,0Half Moon Run,27371,39099,171258,156353,13882,41979Doll$Boxx,8862,84844,5952,2483,0,0Tal,2389547,0,1536008,136285,16348,677185An Epic No Less,0,0,0,951,0,0Eme 15,136131,0,0,50642,0,784Romanthica,368,0,5242,1022,0,1102Egoist,140236,0,9966,92496,0,157323One Sonic Society,0,0,10126,21021,0,559Benjamin Gibbard,0,52364,44566,23176,0,0David Lindgren,94,36486,0,45732,0,142Polica,22014,12800,104338,126356,169427,22050The Gypsy Queens,0,13417,52992,2109,0,130The Jellyrox,1533,0,1879,1412,666,0Moriah Peters,25573,17032,104931,48289,0,73449iamthemorning,1803,3011,11537,5337,711,0Icona Pop,231127,202248,2142557,566153,356319,12660Vivid,0,0,0,990,0,0Niki and the Dove,8403,4875,67165,55313,16566,14263Jennette McCurdy,6245670,7411585,15559062,226885,0,26021Kimberley Chen,0,0,0,136,0,0iamamiwhoami,9660,0,83296,84892,6447,99022Kis-My-Ft2,0,0,0,0,0,0SKE48,188391,0,0,10559,0,262058Robin,0,70956,0,126759,0,333227Josh Osho,0,0,0,5718,3,0Haley Reinhart,227,120334,468653,134776,0,2141Stiftelsen,0,0,1624,212493,0,0Zowie,0,0,0,897,0,0Lukas Graham,205900,454567,592748,919535,51705,2506773Roberto Bellarosa,7396,1753,22881,1578,0,0Producers,0,0,0,210,0,0Friends,0,0,20006187,7392,0,129424Alina Devecerski,542,1446,21848,201358,0,4612Melody's Echo Chamber,0,0,10147,40084,0,77Melody's Echo Chamber,0,0,0,0,0,0Sucre,0,0,48578,8603,6129,0Electric Guest,15385,12308,104368,179720,18386,68529Farrah Abraham,0,0,0,658,0,0Robin Stjernberg,17481,79575,89554,27337,0,0Imagine Dragons,6086714,3588819,13283631,8929398,5136578,10817652Sarah De Bono,85780,32917,50190,1622,0,2510Taryn Southern,85843,62339,100365,3989,401,458318DIIV,46971,87883,176734,153189,17678,0Diandra,127515,148942,0,21665,0,15981Baptiste Giabiconi,1627097,1101787,572190,8233,0,15536Chris Wallace,34790,0,236310,7105,0,0Laurel Halo,19380,0,39035,22687,25769,0Ramin Karimloo,123855,197481,107272,12708,0,0Francesca Michielin,516026,539331,487663,162511,0,270533The Royal Royal,2805,0,3816,11051,0,0The Rubens,9546,44677,103690,85976,4400,9895Youngblood,32125,5796,2159,135535,0,0Samantha Jade,118505,228775,280856,33447,0,54074Moxiie,0,0,0,671,0,0Iris,0,119232,7960,2138,0,0Rachael Leahcar,42386,7825,34081,1214,0,8932Purity Ring,112580,79140,383519,411106,151363,103171Victoria Duffield,32919,28,66502,7347,902,61612Jamie McDell,26387,36762,189672,12446,3014,82660Aimer,259296,0,6748028,187235,0,439505SpeXial,1783,295111,455519,7581,0,235909JJAMZ,104,0,13386,3998,504,0People on Vacation,5179,0,0,836,0,2112Trust,8537,0,15637,17533,0,0Stepdad,3018,0,15002,10751,1074,6200Phillip Phillips,685724,266044,1230695,454103,1530,469420WZRD,1310,0,4625,43195,0,421071GN,13,10323,0,5925,0,25490Adopted as Holograph,0,0,0,0,0,0Anitta,7053771,27954272,13695921,5039805,47373,8802846Bastille,1485835,618158,2831519,2555726,5202532,1885330Mamadee,272,0,0,317,0,0Broiler,3970,26789,0,124071,10121,50088Chvrches,361401,216595,738661,767638,891498,242899Yohio,78227,57163,85830,16121,0,43144Kimberley Walsh,696633,613116,47620,3707,0,0Dawid Podsiadlo,10459,123924,325454,119840,1074,161946Marnie,0,0,0,126,0,0Haim,1248924,975100,859213,665345,878656,351976Krista Siegfrids,19270,98998,30851,6863,0,12404Phildel,11378,2365,14034,23649,2033,30810Daniel Padilla,7221422,4614,1792469,143480,0,143561Ejecta,1683,0,4719,6287,0,0Shine Bright Baby,0,1556,14013,1597,0,42Maite Perroni,4625068,4432147,7875249,282682,0,1235203Gabrielle Aplin,179048,152803,620035,355658,1935030,796503Everfound,9865,9675,36599,10538,0,19486Denise Rosenthal,378179,1534817,810619,41117,0,77992State Champs,147252,164825,196787,159302,0,3594Havana Brown,149687,208646,976905,118219,39450,29796Fatin Shidqia,0,0,0,569,0,0Cassadee Pope,606042,529922,1216373,122509,0,234152William Beckett,99733,41167,30701,11718,0,9132Woodkid,250722,131165,650602,392713,59786,518031Hannah Rose,0,0,0,138,0,0Steve Hare,0,0,0,176,0,0JKT48,4334161,134329,0,20255,0,518061Willy Moon,13113,10149,34203,17654,1623,20681Janet Devlin,326541,70503,408499,39690,0,426827The Neighbourhood,986314,1012354,1271210,1904698,931330,1641345London Grammar,162332,179702,1111908,750236,466691,438170Richard & Adam,0,0,22583,2242,0,0Kodaline,306439,256259,787316,907749,61624,1120171Capital Cities,91087,122450,1551434,553161,627508,919686Guards,3298,2251,11332,8555,2294,1270Peace,86623,44819,172891,78480,12761,33092Samo,1173,0,15305,71206,723,0Megan Hilty,130830,83840,63467,4619,0,234Jackie Thomas,9702,8904,32573,2830,0,0Kavka Shishido,23157,183278,20364,3326,0,0Infinite,0,0,0,385753,0,0Leanne Mitchell,25968,0,7195,628,0,0Burna Boy,875476,1325979,0,32488,5692,47374Silverline,1082,0,6492,3355,0,59831Alex Sirvent,49993,159834,0,6749,17,0R5,0,0,0,0,0,0Silente,365368,78549,358239,48096,0,16945Love & the Outcome,67812,54540,53979,48198,719,32544Christopher Owens,41160,0,22861,8961,3282,0Glenn Robinson,0,0,0,34,0,0Clarice Falcao,704928,581580,778931,523215,0,634720Natalie Maines,0,0,0,0,0,0Tony Scalzo,0,0,0,71,0,0The Neverclaim,5589,0,29436,3473,109,4642Sky Ferreira,441655,690818,536707,225853,268080,135978Nina Rodriguez,0,0,0,291,0,0Noah,4658365,501142,4187894,45923,0,1138010Emblem3,911033,313705,1862664,205869,47032,508700Emmelie de Forest,22289,33620,119323,21779,0,12119The History of Apple Pie,2115,0,9148,2356,1852,0Palms,0,0,0,0,0,0Mayra,0,0,0,268,0,0Sharon Needles,392765,874730,567839,28152,0,89250La Femme,13864,0,214431,122388,19554,48308PUP,33697,61584,65841,64514,0,79952Lorde,8319040,6202761,6576498,3089519,6329625,3935147Marcus Reeves,5934,0,7179,1162,0,0MS MR,45239,34182,271921,215957,241313,84177MONEY,10329,1003,0,621,1247,907Mallory Knox,47494,29615,88958,57516,2054,42549Snakadaktal,3290,2235,58484,41969,12360,2971SOLKs MIO,2780,11848,66330,6381,0,6889Isabella Castillo,372816,434170,1135799,8037,0,0Selena Gomez,56567018,136601177,61679197,9404729,82477,15821601Studio Killers,16321,3756,77356,77428,17838,336125Svenstrup & Vendelboe,1936,0,56411,66112,2083,4269Echosmith,218481,362778,732574,478789,29406,751531Taylor Henderson,76563,82,283786,22774,0,38914NMB48,0,0,0,1815,0,350054Haiku Salut,2285,0,3237,2678,415,33Charli XCX,3117103,2591853,2730389,1018842,325662,1868045Illion,64579,0,11227,13295,122,49377Union J,1416111,321901,1875395,144377,0,425488A Friend in London,8620,6773,1980,3643,0,0Youngblood Hawke,34838,10353,64068,105914,6817,28272Isac Elliot,86833,449440,164168,87572,0,158773St. Lucia,29996,32400,106835,149565,712185,18894Swim Deep,55946,46012,103704,66743,802246,32416Lucius,22400,42143,70508,93447,6635,18082Wintergatan,5690,17287,105009,42251,5647,925044Shane Filan,415522,219365,467949,32092,0,863865 Seconds of Summer,12606911,7310498,10296778,2969521,191358,4031726Margaret,0,115250,620223,44947,0,404290Alvvays,27932,62206,95622,144285,13000,38508Andrew McMahon in the Wilderness,76176,96249,325470,98215,8554,31288Anja Nissen,7894,41349,32644,3050,0,4785Jason Lancaster,31078,11215,14461,6275,0,0Babymetal,334397,6375,906171,302973,0,1101482Banda do Mar,16866,58392,427257,347282,0,205294Magic Man,29440,23808,75673,74459,16062,9562In The Valley Below,22102,20009,58294,32666,4368,889Hamilton Leithauser,8345,11715,18117,11677,42,0Lo-Fang,9840,7477,0,90772,6655,27431The Preatures,26942,32405,68968,48895,13173,13462Sheppard,62808,52755,132650,171761,4403,270806Benny Tipene,15210,17670,62552,6215,719,2152Christine and the Queens,574847,187779,378872,239646,34481,199496City Harbor,2132,0,125,11617,0,0The Colourist,14349,8287,43589,40857,9428,11768Crosses,0,0,0,161,0,0September Girls,3204,0,9172,2438,1337,815Beatrice Eli,4948,19226,11981,17064,3491,10028Magic!,276076,183193,1038870,786451,6186,2391376Flight Facilities,38177,64299,269655,257054,316272,178199Kurt Travis,14692,18859,15246,9139,0,0Fairies,0,0,0,7,0,0Freeman,0,0,10448,3316,0,0Foxes,159606,188167,1302871,215950,38450,27230Gnarwolves,12561,12401,44654,17116,1572,4590Milica Pavlovic,0,0,0,991,0,0The Madden Brothers,37487,107252,175120,18018,0,30452Nothing,13266,11940,66972,27466,45020,2678Haerts,6537,5817,38504,29724,17202,0Leighton Meester,1938234,4800554,2005641,63906,0,81799Little Daylight,0,0,0,12963,11181,1167Gerard Way,1505785,1682239,820587,151558,12450,174087Tim Campbell,0,0,0,0,0,0Kian Egan,439231,97036,151539,6066,0,0Max Collins,0,0,0,364,0,0Oscar Zia,23920,167369,37133,15916,0,4019Loftland,2753,0,0,982,0,0Moose Blood,52151,84994,92507,115848,0,5146Vianney,325645,273685,361251,194043,0,285122Nicholas McDonald,325771,193347,254546,5478,0,6044Electric Youth,5978,0,51006,40263,25122,0Alex & Sierra,449686,262054,642345,401936,3903,44Kathryn Bernardo,8363672,6363861,3203628,69530,0,0Kitten,15602,12958,33463,16975,5682,9675Justice Crew,109337,99211,653253,63807,0,148445Dirty Loops,28263,46072,209644,61274,18875,177122Lea Michele,0,7257,4627611,309513,0,436512Real Friends,151293,153635,311222,153581,6441,58558McBusted,344965,0,385536,73507,0,65871The Vamps,4309176,2244010,6033476,1741495,11049,3076330Indila,84376,543,4300817,218942,0,1897732Missing Persons,0,0,19064,29575,332,0Clean Bandit,369441,431738,967175,976732,244542,5011853MO,270442,551232,1075547,734211,4935201,861177The Split Squad,0,0,0,109,0,0The Fooo,323,0,77670,65051,0,118297Nina Nesbitt,193779,189968,297265,113443,16027,252874Karmin,270226,221,0,423671,41270,57412Tove Lo,387459,1432405,1398288,1395682,172244,2368312Skrillex,6720606,8192228,20080555,6046444,6414542,17407485Tomomi Itano,2161429,546024,0,2621,0,204Anette Olzon,3960,25430,42769,6279,0,1370Shiori Niiyama,0,0,0,0,0,0Collabro,70274,25421,0,28144,0,43873Chrissie Hynde,29138,8522,144116,8984,550,820Bleachers,77036,92767,125037,224475,12444,83768Dan Croll,24724,21682,75366,87232,25968,26376Sylvan Esso,31228,69455,118597,274080,60550,13593Betty Who,53474,153,77887,118652,14076,0Chumped,2876,2430,6951,5589,425,798Danilla,22437,212484,4111,38459,19695,32781Lena Katina,45247,104205,160482,11602,1907,60886East India Youth,739,0,0,11042,4608,2604Kim Cesarion,6907,17407,40093,36536,2993,57112Madeline Juno,6625,22413,36687,23462,167,62656Ben Aqua,0,0,0,271,7020,0NONONO,7368,0,48112,48045,15986,41041PVRIS,174056,387643,248375,341248,24327,46370Neck Deep,0,315309,353959,301871,0,83294Noosa,2182,40072,235229,15123,9005,0Porter Robinson,640205,515178,881459,543171,4201931,546703Grant Nicholas,5549,2601,12946,1864,367,0Mike Score,0,0,0,0,0,0Amber Run,0,0,0,0,13039,238954Madeon,621258,176964,805038,375635,1426530,679345Chiquis Rivera,592567,2238106,3349073,51055,0,160765Steve Grand,57460,242580,275526,16880,851,188795Halsey,9604141,7223525,2117692,3023390,94254,3415231Miss Fame,161036,946582,199082,12678,0,506070SOAK,18557,0,43081,43971,8728,14339Ben Haenow,0,324941,418269,58896,0,94090Dear Rouge,8613,10213,10025,8724,2110,0BiSH,86170,0,4868,18859,4555,0Louane,1052520,1015130,654682,457501,0,905370Years & Years,617191,535713,860218,773611,162919,1262465Conchita Wurst,169477,312935,876406,30105,0,83021Melanie Martinez,1109436,5093067,1984670,2695465,250251,6265595Zoe,4556941,300616,3846368,1776753,0,64030Borns,297455,303893,177289,494577,35707,360Fantine Tho,0,0,0,534,0,0Alvaro Soler,71600,946097,415887,278997,62,1789495Deradoorian,3938,8803,8878,5527,3241,0Sabrina Carpenter,1244816,14350715,4592992,1801237,0,3048528Michelle Chamuel,88583,21788,120916,5688,754,5122FFS,6216,3775,28492,16893,0,9558Markus Feehily,283916,69697,92419,6023,696,16469The Gray Havens,2512,4570,8984,17136,0,4698Juice=Juice,0,0,0,0,0,0Kelsea Ballerini,877326,1196863,370905,360975,0,294065Ryn Weaver,48152,80223,56731,131923,37510,49502Mbongwana Star,899,0,10366,9814,0,161508Tobias Jesso Jr.,12816,19307,35708,41971,2136,12842Nate Ruess,18148,67992,261771,122875,3814,81029Kate Pierson,9503,9531,54853,1825,0,1134Marie Ueda,0,0,0,0,0,0Shawn Mendes,18846865,30455399,7084396,8501640,212082,13570488Marcus & Martinus,42588,1496812,190000,337062,0,1882005HomeTown,60119,0,10363,15523,0,0Jess Glynne,360637,530402,615264,773578,70665,776925Jamie Lawson,57032,75571,74607,87930,1521,51915Andrea Faustini,212639,87435,137821,20053,0,6531Zella Day,49681,134831,87857,228169,44561,144043Garnidelia,35970,13091,72872,50829,1647,207226Annaleigh Ashford,0,0,0,682,0,0Elle King,67958,161395,183973,262260,12259,306743Smallpools,38853,35096,132256,132275,26476,52798Morissette Amon,175169,393577,201564,446678,1169,0Natalie Prass,12167,17346,21990,22749,2681,3040As It Is,96322,120700,121975,79360,0,87518Josef Salvat,23908,13513,58359,61472,21920,55857Indiana,11276,0,28964,17818,13242,21525Bea Miller,869414,1573368,1338712,609875,35685,1155575Oh Wonder,181556,202257,259056,641864,191793,555932MisterWives,50505,79367,95625,283322,28646,116305Ginny Blackmore,10436,8502,0,8828,1936,54No Devotion,6949,4380,14528,6584,0,0Galantis,259470,927096,1295018,1838308,438583,2545078Will Butler,29291,0,21325,16654,1346,0Sophie,19957,0,39736,41059,75334,41Lyca Gairanod,9673,1026,0,10220,0,0Real Lies,3872,2756,9520,6992,5035,2787Revolution Saints,9402,0,20536,7170,8,347Ann Sophie,0,18186,21887,3261,0,2812The Wainwright Sisters,11084,0,0,1498,0,0Sophia Abrahao,2672233,4466311,4412250,82600,0,229666Meg Myers,25691,36409,73903,84711,15654,0Cheerleader,4522,2012,6572,27154,2988,910Swiss Lips,8319,138,44397,3844,4527,4322Emily Kinney,1003432,1869006,1095485,38122,0,106798Mikky Ekko,42102,26490,154630,102872,1975355,84005Tom DeLonge,716366,550418,601309,16453,0,35785Nogizaka46,1369715,0,23620,120218,0,15514Rae Morris,36037,70873,15097,44708,18074,36784X Ambassadors,105053,114605,248240,922114,11830,691020Emile Haynie,20724,30995,0,9897,3586,0Ykiki Beat,13067,0,8218,4235,0,14659Alexander Armstrong,399608,0,9385,2067,0,0Sarsa,2361,121913,17422,18945,0,219772Anavitoria,60080,1529,887980,2180599,0,1196782Blossoms,83828,93336,99140,109522,4571,8471Kero Kero Bonito,22531,32713,39081,71208,51409,150010Caper Clowns,0,0,0,117,0,0Zach Williams,5032,34867,62104,31819,629,20232Bradley Walsh,125944,0,8196,1962,0,808Client Liaison,3504,35511,40228,22190,10866,6369The Lemon Twigs,0,0,0,0,0,0The Mute Gods,748,0,5878,2309,0,55Wet,33009,26765,57217,157679,45435,103209Curt Anderson,0,0,0,651,0,0Francis and the Lights,25670,0,0,73726,24691,45245Jessica Sutta,0,0,0,0,0,0Consumed by Fire,12920,0,7955,7112,43,11Maren Morris,503367,617434,226514,181937,1952,126221DMA's,0,0,0,0,0,0Anohni,4670,40790,285741,64157,1736,4688Mako,23359,0,200195,64280,85851,0Nick Fradiani,88012,97401,138433,9227,0,9510Against The Current,208391,247340,657634,225826,4449,1874988Safia,8033,23948,78559,70218,35527,18918Alex Cameron,7489,26851,23668,24746,2172,0I Prevail,67099,175420,1307334,289457,10855,338126Whitney,26437,0,59574,96941,0,1344797All Tvvins,6440,5903,17225,16070,2081,7735CRX,6245,11770,10920,15593,0,859Charlie Puth,2383032,9705806,5025300,4402708,193997,11045382Shura,39434,42017,125695,93117,59140,76668CNCO,746473,2346030,3347642,3241603,0,6745656Japanese Breakfast,26057,36581,33385,74607,160,22662Sayaka Yamamoto,0,0,0,0,0,0Nina Kraljic,4038,12759,30902,1132,0,313Andy Black,1018863,2345657,1131282,220577,0,688091Jordan Smith,97510,154284,206659,44325,0,0Nicky Byrne,436138,0,149656,4296,0,0TINI,1745434,5013450,3779031,169528,1832,924224Cimorelli,561273,624640,2322549,158644,0,4158860Virginia to Vegas,7801,10043,6780,13814,440,10434Viola Beach,13704,9181,57702,54778,0,0We Are Messengers,6295,29564,49381,32903,0,57069Pearl City Worship,0,0,0,56,0,0Urban Rescue,3656,13773,18547,27217,0,39150Rachel Platten,148980,487935,302190,605786,14853,1192122Alfie Arcuri,3799,60107,19856,2781,0,7019Liam Gallagher,2971214,567446,303598,232244,0,133087Alexandra Savior,5847,20945,18473,26513,1431,12373Cigarettes After Sex,68131,120579,478410,507304,64239,316776Allie X,51879,65165,58956,112366,15411,118341Judah Kelly,0,0,0,1827,0,376Austin Mahone,10321126,10254479,12719788,1193093,106686,4160904GJan,2101,387,111485,7579,2823,81828Dua Lipa,1944313,9736819,2168334,3151924,85671,6076572Can't Swim,5211,9360,16288,15982,0,0Beth Ditto,16526,124375,450010,47530,2815,27250Niall Horan,40191003,20590076,10321702,1814151,0,2453468Superfruit,413719,665414,482933,70179,0,2555483Gizmodrome,793,0,18155,3448,58,0TC&I,0,0,0,0,0,0Charly Bliss,4991,7568,12413,14275,539,3504Harry Styles,32348919,23636074,14840360,2292686,0,3399101Wincent Weiss,12993,275438,134539,191832,1219,0Grace VanderWaal,311576,2660289,1039742,719042,19477,2653554LANY,248133,355372,340390,572919,48443,338329Sofia Reyes,115898,568751,641148,200461,0,737129Meg Mac,9178,44250,51669,61925,10418,9392the Chainsmokers,3413328,5759232,8626519,6663594,1018428,14572408Sayuri,0,510433,0,44338,309,705335Joe Scarborough,0,0,0,0,0,0Mito Natsume,0,0,0,1093,5,0Poppy,192532,0,292838,78488,0,0Sheer Mag,0,0,16740,14114,3084,0Lindsay Ell,101278,209506,113136,13374,158,35358Vancouver Sleep Clinic,12181,13816,56338,100176,42307,84825Exit Eden,859,6933,20332,10810,0,5420Shekhinah,95075,104059,62276,28261,1431,0Sheridan Smith,685,208576,18330,4030,0,0Aquilo,94,26712,59940,135781,32523,85153Caitlyn Shadbolt,7237,33947,33964,4485,0,1736Luke Combs,115436,1208,624521,305189,0,401967Allison Crutchfield,8021,0,2787,4688,0,0Matt Terry,135245,142,157172,71741,0,63973Slotface,2655,7679,18333,12783,1747,16133Levina,4377,15168,12886,2196,90,993Pabllo Vittar,708222,6936781,1868433,1594397,6800,4488742Una Healy,758778,562212,243931,4456,0,410Russell Dickerson,28388,107900,46277,84883,0,0Camila Cabello,6849996,19073435,2309130,3492562,32204,7250453Devin Dawson,11755,46889,50673,34619,2990,33754Dita Von Teese,1998151,2185161,2383772,3763,0,0Bebe Rexha,1101073,4636400,2268275,1716996,86907,3691198Hayley Kiyoko,453582,957774,514425,494650,22541,138011Lo Moon,3708,7855,10703,15130,1043,14066Calum Scott,600,286554,355355,329507,21954,1728617Angie,1913,23837,9187,16544,756,743Superorganism,11571,27192,27615,60983,6295,43228The Academic,19974,27428,60138,37009,2341,22642PnB Rock,368414,1357344,148399,1153648,419556,896392Still Corners,3534,1987,34845,46568,8629,1080JTR,493,0,0,7320,216,2050joywave,22278,24393,52421,96922,16648,26380Swet Shop Boys,9500,2,9000,15564,1949,4665Shiritsu Ebisu Chugaku,0,0,0,2099,0,0Dom Kennedy,431742,345196,198970,176886,91896,77999